,id,Predicted fault_severity,Prediction_probability_0,Prediction_probability_1,Prediction_probability_2
1103,12147,0,0.5328382,0.30062637,0.1665354
2338,2431,0,0.45315158,0.45196947,0.09487895
7201,7821,2,0.17367123,0.19793718,0.62839156
4013,9002,2,0.4208228,0.15539321,0.42378393
2684,11419,0,0.5285453,0.33104163,0.14041308
2846,10430,0,0.9832956,0.016339967,0.0003643831
2705,1814,0,0.73776406,0.11688532,0.14535066
2522,8984,0,0.52987105,0.23924054,0.23088843
3989,11689,0,0.68582493,0.31332982,0.00084526005
2825,18108,0,0.72607243,0.27244508,0.0014824615
932,17306,1,0.49535105,0.4956737,0.008975285
1084,2067,0,0.58043504,0.37125385,0.04831112
6498,13722,0,0.47356328,0.4684234,0.058013372
1595,14358,0,0.9896208,0.009952309,0.00042690238
4210,2846,0,0.6757211,0.32360592,0.0006729493
2942,6362,0,0.717728,0.2637788,0.018493189
1656,16180,0,0.80565715,0.19368747,0.00065531576
6082,3152,2,0.39078277,0.13404436,0.47517282
4204,11896,2,0.18554936,0.09458851,0.7198621
4054,14687,0,0.7856087,0.09319515,0.12119619
1858,10576,1,0.29714257,0.7018972,0.00096024055
3824,5358,1,0.3766243,0.510154,0.113221705
132,11700,1,0.22790787,0.75362587,0.018466312
2820,9837,0,0.49378255,0.48972735,0.016490059
2301,12095,0,0.9937464,0.005949854,0.0003037672
1971,5246,0,0.95320976,0.04655703,0.00023322
5340,3713,0,0.4850943,0.43028036,0.08462531
7343,13202,0,0.9673111,0.032444198,0.00024465699
4591,20,1,0.47782952,0.50835574,0.01381472
465,5634,2,0.33026198,0.25439778,0.41534021
2609,3004,0,0.91031903,0.082453504,0.007227436
743,3182,0,0.8629933,0.13631442,0.0006923274
4299,7378,0,0.6434747,0.3076635,0.048861742
6221,15713,0,0.9934355,0.0064445008,0.00011999517
2114,11635,0,0.80080694,0.19863471,0.0005583188
5590,221,2,0.33438438,0.2037897,0.46182588
6200,12052,0,0.8849474,0.10644017,0.008612401
2417,9524,0,0.45729527,0.44733965,0.095365115
2132,16821,0,0.9444294,0.055076282,0.000494331
3896,8374,0,0.6758156,0.32341647,0.0007679725
811,2277,0,0.9706551,0.020223817,0.009121117
3039,10580,0,0.95885587,0.03761006,0.0035340667
5650,5063,1,0.39879656,0.599073,0.00213042
5822,4064,0,0.7520781,0.24720384,0.000718037
5665,14330,0,0.860967,0.13845675,0.0005762758
4343,16095,0,0.46173888,0.45741796,0.080843136
3245,10031,0,0.78417677,0.20123635,0.014586846
2375,7851,0,0.5728833,0.057734918,0.36938176
2164,1530,0,0.5674051,0.37232527,0.0602696
4861,3336,0,0.8209424,0.17822996,0.00082765846
5758,12384,0,0.51169884,0.31893504,0.16936612
5558,7818,0,0.78865767,0.17678505,0.034557212
6824,4051,0,0.5389176,0.38193384,0.07914855
1287,10005,1,0.25298986,0.67068666,0.076323494
6603,14336,0,0.72562915,0.26600078,0.008370039
4217,8133,0,0.98297393,0.01664982,0.00037624483
230,4092,0,0.4048529,0.22243416,0.37271297
6757,8397,0,0.9007843,0.09864337,0.0005723582
1244,2139,0,0.9782713,0.021398477,0.00033018072
4539,3607,1,0.38445,0.52929187,0.086258136
1172,14452,0,0.91817594,0.080857955,0.00096611254
5861,10010,0,0.9651608,0.034401763,0.00043747522
251,13538,0,0.9453577,0.04196359,0.012678739
800,4527,0,0.9838651,0.015884215,0.00025064618
5304,16958,0,0.7845373,0.21473667,0.0007259635
970,640,1,0.35004476,0.63617474,0.013780442
61,7871,2,0.21656637,0.26749998,0.51593363
4693,3691,0,0.8389734,0.054882783,0.106143795
3780,1528,0,0.46795213,0.3940471,0.1380008
408,18113,0,0.68737453,0.31192848,0.00069696497
5572,7831,1,0.19053484,0.5753324,0.23413277
95,12888,0,0.6945359,0.30463743,0.00082664913
538,15369,1,0.41979092,0.4579471,0.122261934
1786,5927,0,0.98146445,0.018034363,0.0005011475
6468,18080,0,0.9693345,0.030111685,0.00055386586
1721,18037,0,0.847177,0.1475911,0.005231842
4577,421,0,0.9687482,0.024490783,0.0067610242
5845,16998,0,0.46923465,0.45209408,0.07867124
3844,9883,0,0.9082398,0.08619358,0.005566599
5498,9798,0,0.40464634,0.40132317,0.19403051
5958,4115,0,0.9954189,0.0041215722,0.0004594805
3392,17430,0,0.7541628,0.22931,0.016527155
927,13926,0,0.54337054,0.34590656,0.11072292
101,18511,1,0.43018147,0.5518811,0.017937478
3580,12898,0,0.9432673,0.056442782,0.00028998315
6534,12079,1,0.44720656,0.45942304,0.093370415
3945,16925,1,0.43470624,0.4349894,0.13030434
1543,12256,0,0.96801287,0.03157158,0.0004155089
4934,4291,0,0.6393614,0.3524224,0.0082162665
332,8781,0,0.9497472,0.04985593,0.0003969193
1421,702,1,0.3215596,0.44673437,0.231706
5316,406,0,0.67131454,0.29773575,0.03094975
4554,15772,0,0.8139487,0.18565094,0.00040039737
1144,8694,0,0.49473062,0.3523073,0.15296206
2955,2306,0,0.84506875,0.1540818,0.0008494379
3437,17174,0,0.98607904,0.013618146,0.00030277786
5810,1005,1,0.28384328,0.69483316,0.021323593
6761,2566,0,0.9570358,0.04022298,0.0027412602
2521,10396,0,0.88026565,0.1190259,0.0007084181
576,1098,0,0.9182471,0.07780684,0.0039460463
6095,8123,0,0.99586344,0.0039366866,0.00019991836
3347,6859,0,0.809076,0.06986291,0.121061035
5448,14999,0,0.94927,0.0495196,0.0012104069
5827,4844,0,0.8719865,0.073113635,0.054899804
2351,13205,0,0.51612544,0.28111315,0.2027614
503,15850,0,0.96306264,0.036577918,0.00035936828
2829,9246,0,0.8564323,0.1428838,0.0006838431
6618,7432,2,0.18276122,0.10777652,0.7094623
1872,17703,1,0.4405344,0.51762134,0.04184424
1512,5888,0,0.7880882,0.21117058,0.0007412326
7146,162,0,0.96599793,0.033737037,0.00026503386
177,1773,0,0.65375733,0.32631376,0.01992887
1181,2725,1,0.4753389,0.52363986,0.0010212472
2312,13112,2,0.23419005,0.14816125,0.6176487
748,1716,1,0.21755484,0.7349603,0.047484815
4224,5272,1,0.44434318,0.46515453,0.09050231
4110,16942,0,0.92244136,0.068335064,0.009223534
5482,15091,0,0.7396344,0.2595185,0.0008470978
2662,5742,2,0.33285248,0.27451572,0.3926318
1176,3815,2,0.109527186,0.34539208,0.5450807
1302,1262,0,0.46754503,0.4133856,0.119069345
6882,3944,0,0.989475,0.0020608814,0.008464127
7257,8891,0,0.93502074,0.044472057,0.020507185
37,6824,0,0.9208828,0.07737959,0.0017376329
6447,9991,0,0.92308956,0.07594373,0.00096672866
4453,7009,0,0.86624765,0.13334072,0.00041161122
6089,1446,0,0.9672365,0.032315094,0.0004484423
1383,6067,0,0.7579591,0.23507255,0.006968307
6423,17005,0,0.72669965,0.25578716,0.01751321
5245,18379,0,0.8246235,0.1680796,0.007296898
5086,323,1,0.14279804,0.8048366,0.05236537
6561,6782,0,0.68273455,0.30502868,0.01223674
3870,892,0,0.6119925,0.38723195,0.00077556376
5837,11817,1,0.2191063,0.6882717,0.092621975
1694,12567,0,0.7603957,0.22586083,0.013743405
4674,4008,1,0.16828841,0.78189325,0.04981833
1876,3275,0,0.8058375,0.19349553,0.00066696585
1535,2787,2,0.31572083,0.17842433,0.50585485
509,14241,1,0.44386333,0.4634643,0.0926724
4371,3590,1,0.44487384,0.46571004,0.08941611
4652,138,0,0.5394155,0.20520146,0.255383
6930,2954,1,0.4373819,0.5051215,0.057496592
2284,943,0,0.773267,0.22649674,0.00023633685
3101,17976,0,0.9744083,0.025357889,0.00023377067
6619,2348,0,0.8284491,0.15738738,0.014163527
1317,7330,0,0.89780587,0.10146467,0.00072948786
5374,18256,0,0.60177696,0.2346921,0.16353095
79,7725,0,0.92798555,0.055363845,0.01665061
393,4646,0,0.9864465,0.013194657,0.0003588063
3721,18473,1,0.49224225,0.49567756,0.012080229
6011,8668,0,0.48521802,0.4440086,0.07077338
3563,4381,2,0.35501572,0.10663245,0.53835183
3000,4032,0,0.9657776,0.026623195,0.0075991964
1768,16797,0,0.45719537,0.43906683,0.103737794
4085,17339,1,0.4209514,0.43383664,0.14521195
6144,18413,0,0.63833785,0.35386962,0.007792523
6266,1965,0,0.89234656,0.08653452,0.02111896
6966,15085,0,0.4127815,0.19997372,0.38724476
4094,5169,1,0.47432047,0.48852664,0.037152957
5718,1352,1,0.44688642,0.4809841,0.072129436
1507,2648,2,0.22895508,0.37702808,0.39401686
169,6826,1,0.4434205,0.46418864,0.09239085
5899,9076,2,0.30512813,0.20463504,0.49023688
4655,6172,0,0.57286704,0.23985632,0.18727662
6919,6334,0,0.7051217,0.27107868,0.02379964
4716,3385,0,0.84023273,0.15920986,0.0005574218
957,3806,0,0.67882246,0.32026225,0.00091531535
1941,15565,0,0.9689353,0.030794593,0.00027011038
2669,18399,0,0.6338137,0.33180156,0.03438471
1747,11713,0,0.9803217,0.019233996,0.00044430754
3857,5339,0,0.48174858,0.39888304,0.119368315
3127,4929,0,0.59799093,0.3841691,0.017839937
3527,1543,1,0.13722163,0.7588435,0.10393485
5120,4384,0,0.62499225,0.37441796,0.0005897499
7173,7880,0,0.9944853,0.0051943245,0.00032031152
2157,9089,0,0.9894477,0.010160676,0.00039159076
1790,881,0,0.981149,0.017658904,0.0011921152
6819,13620,2,0.34589258,0.18162982,0.47247764
6583,2208,2,0.07059271,0.10462947,0.8247778
7299,3626,2,0.34410062,0.143823,0.5120764
6993,10126,0,0.98994434,0.009747142,0.0003085357
2932,3445,0,0.64495933,0.2941949,0.060845733
6853,3600,0,0.95891,0.040656682,0.00043327126
5640,954,1,0.45103258,0.48544663,0.063520804
5836,3285,0,0.39858,0.28105745,0.3203626
3341,2839,1,0.33975258,0.47523093,0.18501645
2805,17300,0,0.84023124,0.15910956,0.00065921416
5345,8763,1,0.37321815,0.6038107,0.022971133
3980,5784,2,0.108456396,0.064103626,0.82743996
2069,12308,1,0.48819527,0.49107477,0.020729985
2272,2057,0,0.9796394,0.019972667,0.0003879814
429,6492,0,0.8878245,0.10566469,0.0065107686
319,10586,0,0.7198398,0.27816036,0.0019998304
2647,2824,0,0.98507243,0.007890153,0.0070374305
6228,16074,2,0.21976562,0.096016966,0.6842174
2572,9031,0,0.72363585,0.18914479,0.08721941
2210,18050,0,0.6968202,0.27761906,0.025560737
2835,6206,0,0.9725645,0.02701188,0.00042361656
3475,1504,0,0.96504384,0.034315336,0.0006408619
7172,7562,0,0.9639435,0.019169344,0.016887179
3464,15426,1,0.18088625,0.7295818,0.089532
2276,1310,0,0.9155303,0.077467166,0.0070024836
6004,12602,1,0.44386333,0.4634643,0.0926724
7104,17262,1,0.25926635,0.67604136,0.0646923
4628,8433,0,0.9356941,0.062975936,0.0013300009
7276,11674,0,0.49137646,0.37016955,0.13845405
2549,15265,1,0.43402866,0.46729085,0.09868046
263,11390,0,0.6886443,0.29313377,0.01822199
4518,2445,0,0.61041236,0.3887922,0.00079546514
6292,7019,0,0.56213564,0.3607878,0.07707658
554,6041,2,0.24844319,0.08788615,0.66367066
1921,1707,0,0.9858527,0.013680553,0.0004667482
858,10427,0,0.5697712,0.4023059,0.027922932
1128,3528,0,0.9657776,0.026623195,0.0075991964
2273,3299,0,0.866468,0.12472517,0.00880678
5738,15632,0,0.8513744,0.14816022,0.0004653802
2513,6491,1,0.37665832,0.39429957,0.22904211
5447,4970,0,0.8661976,0.04045289,0.0933495
2748,12241,0,0.6556759,0.32739517,0.01692891
4126,6598,0,0.9923928,0.007262848,0.00034431292
7320,16671,0,0.8109759,0.1884085,0.00061565597
2184,12473,0,0.5298908,0.24294804,0.22716115
2842,2859,1,0.28212854,0.70550865,0.012362763
41,14992,1,0.23429243,0.5885995,0.17710812
1188,4301,0,0.9705564,0.029103454,0.00034019162
1025,7798,1,0.2139045,0.78536594,0.00072955026
4035,5721,0,0.98956937,0.009967894,0.00046275268
6311,15264,1,0.31886476,0.63792527,0.043209992
1097,1105,0,0.77206695,0.22564396,0.0022890437
2543,6326,1,0.45557356,0.48944885,0.054977626
1617,552,1,0.33916467,0.6265068,0.03432856
5356,12318,0,0.7181851,0.263272,0.018542837
185,16339,0,0.5000919,0.39284566,0.107062414
2481,11754,2,0.13749231,0.21079436,0.6517133
308,3768,0,0.6441886,0.2970131,0.05879827
486,1104,1,0.46071225,0.49586484,0.043422926
472,1456,0,0.7902285,0.18621601,0.0235555
1915,2966,1,0.42522186,0.4397792,0.13499895
5933,11976,0,0.54377747,0.26075232,0.19547017
683,3058,0,0.69265455,0.30655727,0.00078819954
3317,698,0,0.43529865,0.16112706,0.4035743
1634,3535,0,0.4690472,0.3722361,0.15871666
5452,1103,0,0.83514416,0.15716335,0.007692527
1502,13623,0,0.689468,0.3082839,0.0022480723
87,11019,1,0.44386333,0.4634643,0.0926724
3973,679,1,0.18533681,0.48452902,0.33013412
6475,16007,0,0.9585003,0.039572127,0.0019275028
3248,17601,1,0.31499907,0.6386896,0.04631128
1575,9531,0,0.75748867,0.24179748,0.0007139105
5375,10477,1,0.45405552,0.47410655,0.07183795
1075,12921,1,0.49750707,0.50188786,0.0006050705
2954,10830,0,0.6736192,0.32009935,0.0062814653
2877,9654,2,0.37586308,0.17937571,0.4447612
3573,14324,1,0.44527835,0.45744216,0.09727955
457,2560,0,0.9896796,0.01007619,0.00024424843
4959,8605,0,0.9833202,0.016268926,0.00041095013
4125,5304,1,0.27721426,0.62124765,0.101538084
3383,17183,0,0.5846023,0.32127014,0.09412759
3841,17025,0,0.8112918,0.17400686,0.014701339
5707,13671,0,0.62544507,0.3737313,0.00082361983
3289,5329,0,0.67548436,0.23342079,0.09109486
3279,3943,0,0.42550498,0.26893866,0.30555642
2484,1054,1,0.45038065,0.4769259,0.072693415
5753,16679,1,0.43661383,0.46386147,0.09952475
1835,5490,0,0.8563053,0.14303476,0.00065998745
6043,12750,2,0.35142753,0.15302892,0.49554357
5033,7103,1,0.21992245,0.76317006,0.016907511
5967,13675,0,0.712635,0.28651553,0.00084945466
2654,199,0,0.77884144,0.22037654,0.0007820955
2859,3118,0,0.8837294,0.09078692,0.025483679
676,978,1,0.4531471,0.5406947,0.006158117
1374,4933,0,0.56378627,0.20475775,0.231456
7048,6925,0,0.9803689,0.01918482,0.00044630692
1897,9476,0,0.908406,0.05242514,0.03916887
5366,16533,2,0.3218501,0.139271,0.5388789
3866,9717,2,0.14354,0.082220875,0.77423906
69,14176,0,0.8113836,0.18656366,0.002052686
852,13970,2,0.29105172,0.25961614,0.4493322
2498,3544,2,0.34388447,0.2460958,0.4100197
5520,7331,0,0.86791044,0.12474381,0.007345692
1652,4386,1,0.46351612,0.48522547,0.05125837
1545,6266,0,0.78295064,0.21481536,0.0022340661
3080,15122,0,0.7569835,0.19214028,0.050876193
4903,7942,0,0.7654259,0.23385413,0.00071991765
2815,16844,0,0.98726165,0.012295138,0.00044324755
2758,413,1,0.4689738,0.50475675,0.026269471
3370,8092,0,0.95962554,0.0398618,0.00051266875
7240,5786,0,0.95320463,0.046556782,0.00023858073
2851,17934,2,0.39579254,0.04815732,0.5560501
7158,11893,0,0.6546991,0.34458572,0.0007152098
877,7900,0,0.97307485,0.026637547,0.00028753848
2728,16616,0,0.9782305,0.021281825,0.0004876992
2389,18139,0,0.9176474,0.06638087,0.01597173
19,9566,0,0.9580442,0.016418591,0.02553721
4456,10765,0,0.4494748,0.271666,0.27885923
6113,13488,0,0.56600314,0.4330521,0.0009447799
6589,7412,0,0.9740027,0.025529094,0.00046822955
2840,5476,0,0.42450374,0.22109075,0.35440546
239,5210,0,0.9765835,0.023096386,0.00032017546
5613,6312,0,0.97698045,0.02276804,0.00025152898
3505,3885,2,0.28791937,0.30333865,0.40874195
6891,16885,0,0.7127982,0.2863585,0.0008433057
6098,17307,0,0.98222244,0.017277563,0.0005000034
1720,4588,0,0.68148685,0.3159531,0.0025600467
1919,15300,0,0.8113389,0.1865162,0.0021449088
1741,691,0,0.78825486,0.1713508,0.040394396
742,13999,0,0.559392,0.33788037,0.10272762
4060,10795,2,0.15585305,0.079717934,0.76442903
2233,6106,0,0.97582644,0.023625778,0.00054773624
2673,17498,1,0.24287374,0.5967641,0.16036212
7206,1065,2,0.35262245,0.039449994,0.60792756
5913,15978,0,0.9811261,0.018372077,0.00050178374
625,12674,0,0.6852558,0.31390798,0.0008361745
3089,14837,0,0.54769015,0.3486564,0.10365348
3534,9172,0,0.7949373,0.19142872,0.01363392
5357,3331,0,0.6280843,0.3710978,0.000817866
5100,13373,1,0.4085084,0.55192775,0.039563883
3058,14075,0,0.9747044,0.024836762,0.0004588106
1061,3921,0,0.69073355,0.26109016,0.04817626
3006,8719,1,0.27506015,0.724638,0.00030185241
1430,3988,1,0.38776052,0.5252386,0.08700091
2133,13259,0,0.943853,0.055719785,0.00042719557
4604,2327,1,0.3837402,0.546099,0.0701608
4581,9982,0,0.48251116,0.1899299,0.32755896
3433,866,0,0.7104969,0.28542256,0.004080521
2794,10182,1,0.4435275,0.48022088,0.076251656
3012,6398,0,0.95320463,0.046556782,0.00023858073
1669,12510,0,0.9187415,0.08048148,0.00077698444
6708,8658,0,0.74091285,0.2582535,0.00083358854
4374,9373,1,0.42948484,0.52399266,0.046522498
222,5787,0,0.63620824,0.3630581,0.0007336702
6520,687,0,0.69950473,0.24555387,0.054941352
4625,7622,2,0.16705231,0.08339161,0.7495561
7194,14581,0,0.9903182,0.0050658705,0.0046159467
1005,9583,0,0.9923321,0.0073592807,0.0003086464
6218,769,0,0.7306555,0.24683051,0.022514025
6000,7527,1,0.17198578,0.63903165,0.18898262
544,8685,0,0.8209064,0.17847727,0.000616251
4002,13650,0,0.6847753,0.29272702,0.02249768
3260,5367,0,0.72524226,0.2665404,0.008217334
4407,1,0,0.5545462,0.39193514,0.05351872
1465,11696,1,0.24082805,0.6328377,0.1263343
5011,14916,1,0.31641114,0.6517671,0.03182181
7328,6381,1,0.43611392,0.4461645,0.117721535
6606,13838,0,0.8757116,0.06257352,0.061714813
2827,5168,1,0.46772993,0.4700713,0.06219878
1940,5666,0,0.74054813,0.25875118,0.0007006392
1038,12789,0,0.70284224,0.25277263,0.04438514
4865,10201,0,0.95236295,0.03672122,0.01091587
5093,2695,0,0.7254016,0.25612032,0.018478097
6078,7377,2,0.31879503,0.3337262,0.34747878
5583,3481,0,0.4730296,0.42083788,0.10613253
5603,10024,0,0.9870459,0.01280485,0.00014920087
6574,2382,1,0.09262222,0.85790396,0.049473878
5123,5291,0,0.55175215,0.43310523,0.015142604
6575,12202,2,0.34202653,0.1948864,0.4630871
4047,11923,0,0.67215836,0.3271377,0.00070393464
6159,154,0,0.63902795,0.36041912,0.0005529247
6702,3272,1,0.2694058,0.73024315,0.000351079
6493,952,1,0.4368263,0.47015637,0.09301739
4288,14001,0,0.74653655,0.23266245,0.020801004
6705,1349,0,0.9246945,0.06000725,0.015298284
3418,11047,0,0.9263907,0.07298299,0.0006262883
1701,12122,0,0.92808896,0.06474236,0.0071686655
3393,3142,1,0.38361767,0.5165778,0.099804565
2436,7441,0,0.6536093,0.3455868,0.00080390973
4967,11765,0,0.5141434,0.30971643,0.17614016
2318,2571,2,0.0807243,0.05219002,0.86708564
6357,4216,2,0.19080475,0.09573657,0.71345866
6896,9340,0,0.58867,0.39512408,0.0162059
3049,11189,2,0.27150124,0.14797005,0.58052874
1087,7131,0,0.80944854,0.17071123,0.019840214
6399,15605,0,0.7950834,0.19690908,0.008007525
4918,15224,2,0.14749879,0.066482365,0.78601885
50,17096,2,0.37903744,0.09141475,0.5295478
4113,12090,2,0.25172618,0.33433485,0.413939
2486,17910,1,0.34642372,0.4418423,0.21173403
245,2588,0,0.39908653,0.27263358,0.32827988
1215,17659,0,0.50521135,0.32601115,0.1687775
2183,8918,1,0.4588426,0.50185263,0.039304763
4252,15386,2,0.22181809,0.14095049,0.6372314
965,500,0,0.95240325,0.047439348,0.00015743228
856,11781,0,0.9011177,0.093359336,0.0055229478
4382,8594,0,0.6649456,0.33449158,0.0005628026
6716,10826,0,0.7416333,0.1423253,0.11604146
7188,4818,0,0.60297585,0.39594755,0.001076577
4870,7400,1,0.31887016,0.6340205,0.047109324
6323,7953,0,0.6125857,0.15925334,0.22816096
7152,3539,1,0.34957233,0.6213004,0.029127304
3151,4886,2,0.22429068,0.13999955,0.6357097
3761,14136,0,0.8521579,0.14690687,0.00093530415
763,8602,0,0.8124539,0.18680313,0.0007429256
2992,5880,0,0.9655705,0.026188144,0.008241333
321,8030,0,0.78300357,0.21645157,0.00054479134
5241,17058,0,0.906971,0.024681525,0.06834747
1320,2878,0,0.9851187,0.014389045,0.0004922536
5874,3515,0,0.5739257,0.42397267,0.0021016093
4601,18346,0,0.8854953,0.11402128,0.00048337894
736,1428,1,0.40418768,0.53423023,0.06158207
5223,2637,0,0.45282498,0.4516437,0.095531344
2316,9163,0,0.92453086,0.05981734,0.01565177
3277,15830,0,0.5787881,0.28528357,0.13592835
3450,15694,0,0.8285484,0.17108479,0.00036682253
7267,12873,0,0.9204797,0.07903711,0.00048311392
3826,15839,0,0.8147939,0.18476072,0.0004453845
3187,4085,1,0.35798028,0.3927159,0.2493038
2726,9453,0,0.96062636,0.038916815,0.0004568258
1894,13516,0,0.9637151,0.035729274,0.00055556983
5014,12866,0,0.7181851,0.263272,0.018542837
7186,8380,0,0.7103331,0.2727569,0.01690995
5638,2815,0,0.8763829,0.12302895,0.0005882014
233,5824,0,0.7335454,0.24717253,0.01928203
65,10099,0,0.6014165,0.25953415,0.13904929
1328,16084,0,0.8394568,0.14811257,0.012430622
2759,3215,0,0.5870522,0.32723185,0.08571592
6495,16889,1,0.41604972,0.49935406,0.08459617
5195,8631,0,0.9527847,0.04686759,0.00034770972
4953,14349,0,0.9833038,0.016317578,0.00037859732
5003,18405,0,0.67428035,0.31070358,0.015016022
381,8423,0,0.85641044,0.14277264,0.00081688236
6093,4881,1,0.20044136,0.72905946,0.07049913
6510,16897,0,0.9786033,0.020925056,0.00047170135
2057,450,0,0.9890827,0.010660598,0.0002566963
3519,14060,0,0.95505935,0.04293136,0.0020092616
4691,7582,2,0.23033358,0.11323427,0.65643215
217,12277,1,0.4514543,0.45984095,0.08870471
4686,11956,0,0.9266255,0.07242407,0.0009504275
2540,11797,0,0.93979084,0.052302785,0.007906372
1142,15446,0,0.97260284,0.02702153,0.00037558822
5740,257,0,0.61293954,0.3548748,0.0321857
3532,17977,0,0.6711978,0.32704592,0.0017563801
3703,8180,0,0.7315394,0.2535516,0.014908993
1544,1136,0,0.9641631,0.035424054,0.0004127648
3941,12153,2,0.1853843,0.2141874,0.60042834
6649,360,2,0.28093514,0.23587787,0.48318702
711,15506,1,0.3676781,0.53171366,0.10060819
2862,8122,0,0.8969228,0.09733675,0.0057404423
4772,7765,0,0.9530459,0.04654589,0.0004082489
6718,5671,0,0.62596375,0.36300924,0.011026974
4103,6978,0,0.9592383,0.040350772,0.00041090147
1832,1735,0,0.84550804,0.13941598,0.015076044
7298,13241,0,0.96234053,0.036160167,0.0014992775
3142,17809,0,0.9793438,0.020429932,0.00022628218
3658,371,0,0.771101,0.22035718,0.008541795
1281,14540,1,0.43338865,0.52691233,0.039699007
496,7007,0,0.6984003,0.23273419,0.06886551
1760,3138,0,0.98817563,0.0113728335,0.00045157466
1905,18419,0,0.4994721,0.049785137,0.4507428
1168,1381,1,0.44688642,0.4809841,0.072129436
2646,11197,0,0.7744867,0.22482204,0.0006912371
5577,17637,0,0.51855606,0.41404635,0.06739756
2957,2592,2,0.3948047,0.13469431,0.47050098
468,15671,0,0.6665958,0.33302453,0.00037968063
2142,17599,1,0.21452673,0.6234766,0.16199665
4264,4678,0,0.5124018,0.41606516,0.07153305
996,1574,1,0.2633889,0.68361527,0.05299583
4615,5202,0,0.6201801,0.3128338,0.066986136
4003,15137,0,0.72978693,0.26931748,0.00089561247
3154,17995,1,0.46452445,0.48177075,0.053704742
1487,1768,1,0.28338262,0.69370556,0.02291183
1221,2932,1,0.17342487,0.81873757,0.007837581
3114,9643,0,0.738208,0.1313635,0.13042848
2215,7980,0,0.53492826,0.23246196,0.23260978
5095,4305,0,0.68450654,0.3149407,0.0005527397
2847,8875,1,0.38316333,0.54226387,0.07457277
6187,1614,0,0.8362682,0.16315754,0.0005742787
2578,17028,0,0.9171024,0.02042236,0.06247527
4751,893,2,0.33557346,0.249842,0.41458452
6167,14350,1,0.40267435,0.47000384,0.12732181
6494,13377,0,0.9746882,0.024903387,0.00040848792
5617,10333,0,0.8009637,0.1841372,0.014899108
1420,789,2,0.21666107,0.22100915,0.56232977
1426,11813,0,0.97839934,0.021328498,0.0002721596
1414,5949,0,0.8249398,0.1609801,0.014080104
5060,3375,0,0.7740606,0.2252743,0.0006650675
3949,6126,0,0.95969176,0.039846882,0.0004613499
2917,12283,1,0.35236865,0.6246693,0.022962073
1672,4159,0,0.9881401,0.011554478,0.00030540512
3815,13017,1,0.45278758,0.52683926,0.020373128
2722,10445,0,0.8816427,0.085907295,0.03245
5955,10242,0,0.9646939,0.034796212,0.0005098144
48,2272,0,0.85560125,0.14368,0.0007187309
2680,3234,1,0.33086243,0.6527944,0.01634312
6612,7976,0,0.7520583,0.24719733,0.0007443371
318,6663,0,0.49929374,0.4435547,0.05715156
1452,10957,0,0.91568553,0.08245434,0.0018601363
176,7959,0,0.51329863,0.44231173,0.04438964
2860,9727,0,0.85040885,0.14894398,0.00064721546
2252,18380,0,0.9894264,0.010413356,0.0001603304
1539,1659,0,0.95445615,0.045330092,0.00021383092
2902,10137,2,0.16762976,0.11881242,0.71355784
2098,9144,0,0.6758156,0.32341647,0.0007679725
1078,1239,0,0.96046543,0.03904767,0.0004869233
6224,6781,0,0.60505414,0.36312965,0.031816166
1480,12097,0,0.6665979,0.28789824,0.04550385
7150,5471,2,0.2467686,0.30822045,0.44501093
6597,1603,0,0.90188617,0.09645519,0.0016586957
4828,3867,2,0.33007047,0.2004302,0.46949932
1407,6440,2,0.28705603,0.14154178,0.5714022
91,11444,0,0.8850474,0.0632406,0.05171204
4189,9504,0,0.489509,0.45434472,0.056146223
2742,1572,0,0.946423,0.05319332,0.00038369207
2441,10533,0,0.7181851,0.263272,0.018542837
5096,9177,0,0.9839676,0.015682932,0.00034943927
6203,1006,1,0.42051926,0.50690037,0.07258032
435,9605,0,0.96686757,0.032694824,0.00043761215
6088,15256,0,0.46632913,0.29947278,0.23419815
6936,5500,0,0.9945299,0.0052890405,0.00018104487
1295,343,0,0.8313495,0.1681126,0.0005378859
4092,11686,0,0.6681033,0.2657125,0.066184215
4207,2219,1,0.2837076,0.69450104,0.021791354
1922,5714,0,0.8466063,0.152808,0.0005856811
3487,2285,0,0.53122425,0.41584837,0.052927345
2510,4372,0,0.38452277,0.34387687,0.27160037
6296,17596,0,0.97545695,0.023980493,0.00056256686
1047,7338,0,0.44870064,0.44693524,0.104364105
106,4486,1,0.37876716,0.5445633,0.07666955
2392,4169,0,0.63684666,0.260476,0.10267736
5294,6384,1,0.35563305,0.60235333,0.0420136
3478,15344,0,0.8645799,0.13475583,0.00066427246
6480,3260,0,0.7740606,0.2252743,0.0006650675
1649,16774,0,0.82432973,0.17494112,0.0007291461
6217,886,1,0.48700187,0.48839784,0.024600348
6968,9538,1,0.43765977,0.47096297,0.091377184
4418,18105,0,0.7415882,0.25792015,0.000491706
6991,15544,0,0.57537097,0.27489808,0.14973095
2083,16174,0,0.47633404,0.43056813,0.09309783
7226,7827,0,0.61043864,0.24967489,0.13988647
2939,1902,0,0.46254367,0.44178915,0.09566716
1558,15433,0,0.674988,0.2623005,0.06271154
1670,4703,1,0.4389704,0.4595301,0.10149951
167,6222,1,0.3372684,0.5527198,0.110011846
5658,8633,0,0.58573955,0.09980462,0.31445584
6559,16990,0,0.5092562,0.0864196,0.4043242
1034,2576,2,0.32799506,0.32713944,0.3448655
5194,4353,0,0.62499225,0.37441796,0.0005897499
2287,9327,0,0.98862654,0.010993752,0.00037964885
3570,16586,1,0.42320058,0.4418541,0.13494532
4010,13983,0,0.9865566,0.01302405,0.00041939627
2412,14975,0,0.79018974,0.17075089,0.039059337
4387,3700,2,0.06888407,0.4553831,0.4757328
6848,634,0,0.9755982,0.01726803,0.0071338112
5036,13607,0,0.980789,0.019035356,0.00017561507
2229,7263,0,0.8635163,0.13626757,0.00021613232
2577,988,0,0.60881823,0.2905699,0.10061188
6560,8229,0,0.9443754,0.047689684,0.007934941
4523,12840,0,0.96020144,0.017544406,0.022254093
4672,11493,0,0.691428,0.30347645,0.0050955117
5411,16678,0,0.6858612,0.27200407,0.042134773
2795,15986,0,0.5983429,0.26665697,0.13500014
4730,7988,0,0.8897742,0.11000303,0.00022270452
7333,1849,0,0.53270656,0.3881581,0.07913536
5101,16815,0,0.8782303,0.11983143,0.0019383307
1871,1172,0,0.88236225,0.1169671,0.00067068887
865,10457,0,0.8009637,0.1841372,0.014899108
511,14799,0,0.6547982,0.3269569,0.018244866
4296,1617,0,0.9465124,0.053048752,0.00043883393
1805,8513,0,0.7949373,0.19142872,0.01363392
6809,752,2,0.21073045,0.23114161,0.55812794
733,14558,2,0.3253547,0.19611107,0.47853422
2263,1258,1,0.39280728,0.5364183,0.0707744
4401,16341,0,0.7084193,0.29034823,0.0012324308
4041,16035,0,0.97675997,0.023082482,0.00015758521
4314,9394,0,0.9315187,0.065824576,0.0026567148
4515,3844,0,0.9362795,0.056028504,0.0076920195
1002,777,1,0.3746875,0.6057232,0.019589303
4925,1999,0,0.40956292,0.25746423,0.33297288
5925,17650,1,0.3813564,0.52183396,0.096809626
6473,2644,1,0.19802365,0.6970629,0.10491342
4914,9034,0,0.82584155,0.1729871,0.001171288
6375,12363,1,0.21463434,0.7195085,0.06585713
1954,4123,1,0.16838196,0.8260473,0.0055707167
3027,7287,0,0.8141767,0.17911059,0.006712721
1665,13993,0,0.96440965,0.034836456,0.00075383205
73,15882,0,0.8124303,0.057724934,0.12984475
6722,14155,0,0.8618555,0.13755138,0.0005931176
1912,2017,0,0.45921755,0.44580317,0.09497923
2440,16910,0,0.9749712,0.024178132,0.00085066434
4819,11033,0,0.62548286,0.37375388,0.00076323736
2623,11877,0,0.9362388,0.06299888,0.00076227245
3786,4083,0,0.34793666,0.3090945,0.34296888
3381,6607,0,0.497699,0.3059238,0.19637719
6434,3948,0,0.9382608,0.061271027,0.0004681998
179,5965,1,0.3530536,0.5544922,0.092454255
866,11166,0,0.96961,0.027779626,0.0026103393
6332,1343,0,0.8128554,0.18645936,0.0006852116
1732,13492,2,0.16117217,0.024539843,0.814288
6811,6262,0,0.641554,0.30842668,0.050019342
7051,24,0,0.9379759,0.06189097,0.00013315846
31,4757,0,0.9530031,0.0465438,0.00045302405
2865,17127,0,0.8354773,0.16384922,0.0006734823
5694,5,1,0.388361,0.6110351,0.00060381816
1965,119,0,0.44284943,0.2943421,0.26280847
168,17390,0,0.76725847,0.23197469,0.0007668301
828,5386,0,0.8970621,0.10225931,0.00067859085
6715,9366,0,0.39105716,0.34614217,0.26280063
5748,4583,0,0.4792947,0.41527775,0.105427615
4350,13252,0,0.45603046,0.20550406,0.3384655
982,10153,0,0.7525328,0.24672091,0.0007463312
1055,12761,0,0.49570268,0.24303782,0.26125944
4643,13570,0,0.9927893,0.006725067,0.00048562867
737,13919,0,0.71453583,0.26411372,0.021350456
2850,10382,0,0.8321778,0.16695069,0.00087151903
789,8107,0,0.9781521,0.02158641,0.000261529
2418,17429,0,0.96928304,0.030129831,0.00058709196
1616,4745,0,0.8236673,0.16073178,0.015600949
5826,2748,0,0.71030486,0.2873573,0.0023378723
6779,1915,0,0.94373536,0.054139018,0.002125618
1618,1583,0,0.5699205,0.34843633,0.081643164
5521,3098,0,0.9870569,0.004499627,0.008443442
1563,4794,0,0.97539353,0.024116794,0.0004896226
4617,7023,2,0.19568643,0.10988881,0.69442475
642,17275,1,0.38862523,0.59110755,0.020267196
1758,7180,1,0.3865279,0.52356887,0.08990323
1153,9587,0,0.83524597,0.15795135,0.006802706
1352,715,0,0.95799416,0.04176108,0.0002447761
3244,4299,1,0.35140282,0.6347932,0.013803998
7036,15968,0,0.86157954,0.13594112,0.002479402
1074,13560,2,0.22425091,0.14242256,0.63332653
2492,9973,0,0.9717193,0.028015608,0.0002650253
1277,2866,2,0.4208252,0.15729603,0.42187878
3718,8103,0,0.64509165,0.35412282,0.00078555685
500,19,0,0.69330317,0.23924917,0.06744767
437,15057,2,0.41148975,0.14457904,0.44393122
1488,8259,1,0.3397525,0.63090074,0.029346758
6008,1980,1,0.40168422,0.5464991,0.0518167
4253,16550,0,0.9440163,0.0554115,0.0005722434
1024,4435,0,0.82387584,0.1724036,0.003720546
80,2311,0,0.4847573,0.37834868,0.13689396
2574,9885,0,0.5381375,0.3743533,0.087509215
2927,9070,0,0.92542386,0.058909327,0.015666887
3184,8717,0,0.8753671,0.12398337,0.00064954086
5260,3129,1,0.26888168,0.601188,0.12993038
1498,2535,0,0.9442626,0.045687295,0.010050098
2821,12159,1,0.29097292,0.6838423,0.02518477
6405,10481,2,0.3522362,0.073987976,0.5737758
2063,10252,0,0.96230906,0.02208802,0.0156029565
5790,1402,0,0.6386152,0.36001426,0.0013705993
4961,60,0,0.7173074,0.19792151,0.08477108
1860,13658,0,0.9387878,0.060557477,0.00065473694
1321,4152,0,0.5146402,0.37426475,0.11109505
6864,17246,0,0.665047,0.32771978,0.007233285
7111,6601,0,0.95661736,0.025059227,0.018323405
534,14830,1,0.46544275,0.49427152,0.040285766
2357,6962,0,0.40317923,0.26972812,0.3270927
6431,17145,0,0.7157335,0.28242558,0.0018408799
585,810,0,0.65816146,0.33388782,0.007950746
5213,10376,2,0.19154163,0.13032709,0.6781313
4328,11104,1,0.46449554,0.53495353,0.0005509032
5255,16229,0,0.49474317,0.41530764,0.08994912
7144,6088,0,0.8878245,0.10566469,0.0065107686
6208,14486,0,0.68254864,0.29385602,0.023595348
6055,9752,1,0.18484642,0.7778424,0.037311133
3407,16363,0,0.67016864,0.3212359,0.008595477
3014,989,0,0.7078471,0.2858948,0.006258019
6854,17593,0,0.8503322,0.14911972,0.00054805964
2110,1805,0,0.9520886,0.04745635,0.00045508493
2651,5828,0,0.44925952,0.30401114,0.24672939
2533,8023,0,0.5337694,0.21426292,0.25196767
786,501,0,0.73760617,0.2616838,0.0007100913
7134,7086,0,0.9759651,0.023547309,0.00048760313
6300,14493,0,0.5900127,0.35891953,0.05106776
1041,7720,1,0.42754364,0.44756815,0.1248882
6123,10984,0,0.9167601,0.06416573,0.019074112
7013,2708,0,0.7431851,0.23945558,0.017359307
2473,16300,0,0.79122955,0.20816976,0.0006006655
6557,1064,2,0.15526196,0.14417876,0.70055926
4209,1681,0,0.84589094,0.13947912,0.014629949
3458,13438,1,0.34171835,0.46479526,0.19348638
5776,8108,1,0.44182378,0.55766666,0.0005095077
3932,14462,1,0.39844942,0.51835996,0.08319063
401,16999,0,0.97143584,0.019326886,0.009237246
4025,9836,0,0.9144356,0.08298807,0.0025763388
157,9033,0,0.44335943,0.4337072,0.12293339
4857,13472,0,0.6160494,0.36828566,0.015664946
1438,5954,0,0.9812167,0.01717667,0.0016066075
4886,1782,2,0.030701231,0.03487485,0.934424
6531,13500,0,0.96512735,0.034400575,0.00047209766
5263,18317,0,0.91324544,0.086465746,0.00028874734
3903,13011,0,0.6187763,0.38043863,0.0007850033
2225,6169,1,0.4172763,0.45295593,0.12976784
4166,14711,0,0.97383875,0.021779014,0.0043822615
6754,16171,1,0.3817178,0.59057623,0.027705975
1730,5226,0,0.8262599,0.16123772,0.01250238
4291,17397,0,0.64211583,0.3555169,0.002367302
573,6002,0,0.995394,0.004392309,0.00021367743
7135,16913,0,0.87219423,0.09258614,0.035219673
1515,7119,0,0.5654262,0.35704607,0.077527754
3693,6820,0,0.97246844,0.027064119,0.000467492
3320,10293,0,0.671174,0.24076581,0.08806022
535,12961,0,0.3938224,0.23213682,0.37404075
2934,17313,0,0.8009477,0.19817407,0.0008782447
2299,13901,0,0.6402553,0.256875,0.10286969
3165,6585,0,0.49537933,0.2134899,0.29113078
5339,1203,0,0.6236193,0.37196803,0.0044126734
5633,17334,0,0.9935082,0.006042822,0.00044892542
3454,16901,0,0.55872804,0.26320198,0.17807
3966,17305,1,0.34761474,0.5654656,0.08691967
3689,10084,0,0.5937843,0.154123,0.2520927
4998,12788,1,0.32634085,0.5781379,0.09552131
4169,15136,0,0.74789524,0.25115293,0.0009518101
6352,618,0,0.97208935,0.027612323,0.00029833973
4960,15425,1,0.44570398,0.4716506,0.08264539
1811,1854,0,0.96945,0.030326124,0.00022391394
5505,15330,0,0.79808336,0.15371062,0.048205987
473,17460,2,0.057674095,0.29139206,0.65093386
6301,5410,0,0.69084305,0.2902489,0.01890808
4633,11147,0,0.9112916,0.07936618,0.009342208
7110,13879,0,0.50850624,0.30714467,0.18434909
2523,5569,2,0.3550812,0.27365455,0.37126425
5265,16527,0,0.98112065,0.018390192,0.0004891401
1373,12069,0,0.7525328,0.24672091,0.0007463312
469,12676,0,0.77788246,0.2213163,0.0008012443
6841,4952,0,0.9739808,0.025602918,0.00041629886
3803,8064,1,0.14681786,0.8024525,0.050729617
1562,251,0,0.97868335,0.020818044,0.0004986405
2415,9537,1,0.26447928,0.5648809,0.17063983
247,13082,0,0.9878506,0.011747579,0.00040178746
2886,16131,0,0.78948486,0.17796658,0.032548584
6318,3989,0,0.9753277,0.024412153,0.00026015606
2221,10464,0,0.97058094,0.025045048,0.004373956
5799,7752,1,0.44079158,0.4939402,0.06526829
4640,15487,0,0.47142023,0.42836404,0.100215785
3613,6386,0,0.5848782,0.3843981,0.030723687
773,13113,1,0.33552966,0.5944165,0.07005386
1623,15631,0,0.93232614,0.06278401,0.0048898845
5214,3271,0,0.47084725,0.39250675,0.13664602
3994,444,0,0.73767185,0.2617071,0.0006210901
228,18441,0,0.976186,0.023551626,0.00026243247
1593,3286,0,0.91008794,0.056510773,0.033401307
5433,17713,0,0.5785586,0.41593692,0.0055044056
17,14025,2,0.26673687,0.30402392,0.4292392
2080,5497,2,0.10850136,0.014730261,0.8767684
4105,14428,0,0.8285592,0.17073466,0.0007061166
7069,13005,0,0.45538703,0.18815923,0.3564537
6347,13149,0,0.86077845,0.07137878,0.067842744
2182,6289,0,0.39642146,0.27708888,0.32648966
5050,18467,0,0.63066137,0.34826878,0.021069854
1511,5976,0,0.4856263,0.344166,0.17020771
5573,8574,0,0.96424073,0.035519633,0.00023964669
3891,2318,1,0.47877696,0.5153079,0.0059151375
4920,17990,0,0.966357,0.03346098,0.0001820059
4247,10080,0,0.9654015,0.018274434,0.016324097
3964,17342,0,0.43412712,0.20450579,0.3613671
2678,15712,0,0.9837457,0.01597782,0.00027655132
3734,5657,0,0.3984254,0.28338462,0.31819
4295,3878,1,0.17822266,0.8032548,0.018522527
2580,15499,1,0.14469397,0.52284855,0.33245745
543,12646,0,0.9119722,0.08756486,0.00046287227
3728,13956,2,0.21372402,0.18697998,0.599296
3881,11968,0,0.56064254,0.13579234,0.30356514
3820,15760,0,0.51337236,0.43094507,0.05568256
4301,16023,0,0.97019136,0.029413981,0.00039472725
5863,3370,0,0.5376907,0.2627324,0.19957691
1330,4221,0,0.89703715,0.102488466,0.00047438554
4767,1014,0,0.69118565,0.30654883,0.0022654634
3352,5663,0,0.5992423,0.38497302,0.015784657
4071,8427,0,0.9031136,0.096182115,0.0007042093
96,6779,0,0.7740418,0.22526881,0.0006894288
6553,6914,0,0.4845054,0.24186245,0.27363217
2131,338,0,0.6199146,0.36990833,0.01017708
5889,11100,0,0.5620188,0.21043824,0.22754297
3539,8044,0,0.6145778,0.3846738,0.0007483987
6411,7245,1,0.16328482,0.7635246,0.07319063
156,15486,1,0.4319809,0.46990106,0.09811806
4781,8937,1,0.28973988,0.6423208,0.06793934
5817,12431,0,0.9947162,0.004920165,0.0003635981
6315,2581,0,0.69369227,0.28847766,0.017830098
3671,1509,0,0.976157,0.023468073,0.00037499296
2226,13495,1,0.46631417,0.47905263,0.05463327
2197,5895,0,0.975712,0.023898825,0.00038917272
1261,11194,1,0.3497328,0.61999655,0.030270651
696,9412,0,0.6757109,0.3233664,0.00092264573
425,14109,0,0.9638396,0.021279495,0.014880963
3880,13172,0,0.82077825,0.16395403,0.015267688
712,4969,0,0.91378844,0.08255475,0.003656778
2648,7369,1,0.18651614,0.7638453,0.04963854
1952,12575,0,0.9937464,0.005949854,0.0003037672
1566,4351,0,0.50309587,0.35783267,0.13907146
6605,6798,0,0.48248053,0.22378178,0.29373768
447,8927,0,0.9738524,0.025861843,0.0002857541
3755,10906,0,0.57041866,0.36958674,0.059994604
2833,3859,0,0.6679446,0.32987428,0.0021811263
5780,1828,0,0.77157676,0.18891226,0.03951095
592,16218,0,0.46483564,0.46048573,0.0746786
4439,18372,0,0.7676705,0.22944425,0.0028852534
5736,16444,1,0.3209038,0.62291104,0.056185152
6977,12705,0,0.9480036,0.05149741,0.00049901067
131,599,0,0.7517434,0.23922294,0.009033713
5152,3742,1,0.45620775,0.46987143,0.07392087
1297,9845,2,0.27216035,0.19490358,0.5329361
5570,13065,0,0.55794054,0.38096023,0.061099216
960,5058,1,0.40924677,0.50214815,0.08860507
624,6298,2,0.2962936,0.030592343,0.67311406
3053,8735,1,0.38021046,0.53808486,0.08170469
3071,9949,0,0.6546991,0.34458572,0.0007152098
4582,7259,0,0.97280633,0.026806137,0.00038750377
7131,3249,0,0.68931997,0.18499213,0.1256879
4740,9208,1,0.21253511,0.61262554,0.17483933
6212,7229,0,0.8271257,0.17233557,0.0005386851
6264,13842,1,0.36131027,0.528587,0.11010273
756,1492,0,0.9261923,0.07147871,0.0023290366
2874,5658,2,0.42524615,0.14150672,0.43324712
7000,2183,0,0.91540647,0.022682767,0.061910752
6201,17750,0,0.97558427,0.02291268,0.0015031059
4355,79,0,0.58637774,0.33839592,0.07522632
93,9231,1,0.42830968,0.49372628,0.0779641
2876,9637,1,0.37432167,0.538436,0.08724236
4917,5217,0,0.9874499,0.012121263,0.00042883944
3409,1684,0,0.49061775,0.46411347,0.045268744
7274,13794,0,0.59596324,0.314798,0.08923879
6398,11187,0,0.41483527,0.40778446,0.17738026
3515,2945,0,0.7740148,0.1655734,0.060411792
6096,6794,0,0.48001462,0.41363075,0.10635462
2579,14867,1,0.40831745,0.49651688,0.09516568
5250,17152,1,0.27309495,0.68153214,0.045372885
7373,16687,1,0.392836,0.5396999,0.0674641
764,6700,0,0.9645774,0.034881186,0.00054142205
3927,768,0,0.86982113,0.1296709,0.0005079244
476,105,0,0.6699551,0.3289091,0.0011358093
6885,7264,2,0.27634084,0.12153646,0.6021227
2676,2736,0,0.9732669,0.026338113,0.0003949132
5721,7683,0,0.7520583,0.24719733,0.0007443371
2298,14321,0,0.90680677,0.092239134,0.00095414976
2306,2807,0,0.7071089,0.2907543,0.0021368046
3933,7769,2,0.37131968,0.18526201,0.44341826
2732,13427,0,0.7873534,0.1833874,0.02925918
3612,492,0,0.6625693,0.32655337,0.010877337
2447,4811,0,0.71578175,0.28314602,0.0010722472
4354,80,0,0.7263011,0.260584,0.013114902
6162,12445,1,0.40107346,0.5507665,0.04816001
752,11523,0,0.9090026,0.09060692,0.0003904744
1193,4721,0,0.81559736,0.13713683,0.047265846
3821,2567,0,0.58153546,0.31340536,0.10505917
3203,8759,0,0.7059354,0.2757419,0.018322632
351,8377,0,0.6441955,0.35515565,0.00064885826
487,16966,0,0.6475582,0.35080326,0.0016385324
7116,14218,1,0.3497328,0.61999655,0.030270651
1533,16408,0,0.931047,0.06832966,0.00062332465
1197,10587,0,0.68582493,0.31332982,0.00084526005
7330,2777,0,0.9718801,0.027695112,0.0004247662
5038,10317,0,0.8720848,0.1271872,0.000728016
3614,12409,0,0.7744867,0.22482204,0.0006912371
2458,9345,0,0.42163852,0.35077587,0.22758557
4369,13433,0,0.80865633,0.19052115,0.00082247955
561,2145,0,0.99713457,0.002378672,0.00048670478
7167,1046,0,0.9178897,0.08074416,0.0013661231
4483,14783,0,0.44214344,0.22885129,0.32900527
1009,984,0,0.9553952,0.044212922,0.0003918063
3784,16046,0,0.95735294,0.04202517,0.0006218938
334,15145,0,0.4545218,0.17540275,0.3700754
2264,15242,0,0.84128445,0.15795057,0.00076501514
1992,678,0,0.7932406,0.20625943,0.0004999628
6609,9350,1,0.43009868,0.47041437,0.09948696
4196,18086,0,0.81254333,0.18710208,0.00035460875
4239,1247,1,0.42759728,0.4527997,0.11960303
5216,75,0,0.83698595,0.16249374,0.00052030553
4028,8368,1,0.41208127,0.54299456,0.04492419
23,3610,0,0.95563805,0.044143744,0.00021821639
3621,16948,0,0.7085199,0.24859692,0.0428832
4872,7062,1,0.4467578,0.47997755,0.07326469
4733,13804,0,0.8044495,0.18080026,0.014750274
1536,15408,0,0.79886466,0.20047079,0.00066450454
6658,9797,0,0.9329066,0.031322476,0.035770904
3905,5052,0,0.9711987,0.02828648,0.0005148529
1916,3161,0,0.9208164,0.044707965,0.034475572
1782,10305,0,0.9905844,0.009222687,0.00019291964
4584,16991,0,0.8560585,0.14308745,0.0008540081
2622,5573,0,0.6946723,0.2841272,0.021200556
445,11595,1,0.29085445,0.5529614,0.15618408
7165,17639,1,0.24376923,0.40131035,0.35492036
7331,13328,0,0.98470205,0.014980085,0.00031790356
4940,17753,1,0.31797615,0.6582593,0.02376456
5507,12411,1,0.16759989,0.83162564,0.0007745023
7350,10511,2,0.35752988,0.07215998,0.5703101
6454,18046,0,0.9039446,0.09564876,0.00040657746
3340,17032,1,0.41731706,0.54576236,0.03692057
5544,5795,0,0.97347283,0.02604254,0.0004845882
6625,16087,0,0.73779434,0.26155308,0.00065260276
1046,2452,1,0.44102898,0.5540529,0.0049181813
6272,1266,0,0.7604499,0.23887315,0.00067691883
2280,12107,0,0.67194337,0.19553852,0.13251814
3538,17936,1,0.31548074,0.4325612,0.25195804
7089,16241,0,0.7258352,0.27361375,0.0005510211
2571,15576,0,0.9660373,0.033663876,0.00029878883
2431,15741,0,0.76551574,0.23404773,0.00043648834
6385,3753,0,0.98778975,0.011816597,0.0003936036
842,15303,0,0.48603514,0.44164413,0.072320744
4678,17340,0,0.82285327,0.1491951,0.02795159
7151,5550,0,0.7431338,0.25604117,0.000825004
3578,18184,0,0.8069642,0.17029417,0.022741612
4561,9006,0,0.6441955,0.35515565,0.00064885826
4597,15418,2,0.072089456,0.12880935,0.7991012
3082,6164,1,0.37293842,0.5328967,0.094164826
2638,13371,2,0.21442771,0.17455164,0.6110206
1242,13742,1,0.4630972,0.4757478,0.06115496
1966,18550,0,0.51742566,0.44740337,0.035170954
6108,10722,0,0.964514,0.017623203,0.017862791
2354,9912,0,0.9808599,0.0186863,0.00045380715
5446,26,0,0.9635857,0.036288675,0.00012559438
6505,9956,0,0.99283904,0.006967942,0.00019307793
2304,17283,2,0.03185247,0.11407005,0.85407746
378,5237,0,0.7595389,0.228148,0.012313139
1175,4097,0,0.75671417,0.23082682,0.012458945
6514,14271,2,0.13685925,0.26991677,0.593224
6822,5181,1,0.3468573,0.6265819,0.026560768
199,16258,0,0.94554144,0.037522715,0.01693589
1042,15625,0,0.93735117,0.062341474,0.00030736523
4404,5951,0,0.41232675,0.24516809,0.34250516
6073,17061,0,0.67810184,0.28552616,0.036372
1056,5123,0,0.7580962,0.2412493,0.00065455574
1436,4125,0,0.994262,0.005386161,0.00035184924
3107,1907,0,0.6847188,0.26000887,0.055272344
4048,5371,1,0.20140456,0.7207465,0.077848904
1174,1822,1,0.34272388,0.3760246,0.28125155
5103,1405,0,0.8697258,0.12957948,0.0006947038
1370,2197,0,0.84550804,0.13941598,0.015076044
1022,7874,0,0.9376575,0.06174338,0.00059919
5956,1739,0,0.64783967,0.35147116,0.00068912626
1429,10693,0,0.71006626,0.28904742,0.0008863297
997,8987,0,0.7103331,0.2727569,0.01690995
1650,4143,1,0.45929238,0.4808039,0.059903644
4608,17512,0,0.9706833,0.02857822,0.0007385072
2178,11845,0,0.44766083,0.3596827,0.19265649
5437,18313,2,0.30020624,0.33062124,0.36917245
1559,10975,0,0.6367984,0.3624658,0.0007358538
6291,17015,0,0.97905034,0.020785674,0.00016395006
601,18297,0,0.5911819,0.26021832,0.14859983
3123,8803,0,0.8807075,0.11863899,0.0006535035
1406,16807,0,0.51999885,0.37894887,0.101052344
7178,2539,0,0.9584781,0.04110365,0.00041822856
4919,15116,0,0.5336819,0.19678949,0.2695286
4056,624,0,0.5966445,0.4028174,0.00053807086
2970,18204,0,0.8005833,0.19891717,0.000499554
5809,5961,0,0.5856603,0.2746879,0.13965179
994,7284,0,0.46933576,0.20641688,0.3242474
3887,6951,1,0.4172763,0.45295593,0.12976784
3286,16054,1,0.17074189,0.5623955,0.26686266
6367,12269,1,0.14977245,0.6604789,0.18974862
6116,15072,1,0.27613437,0.6075156,0.11635004
6049,5557,1,0.4441927,0.45749652,0.0983107
5230,11566,0,0.918939,0.08016416,0.0008968187
6328,8948,0,0.6146128,0.38469574,0.0006914905
7362,11952,0,0.87871546,0.12067899,0.0006055569
4947,2466,0,0.97486305,0.024949174,0.0001877566
6072,4136,2,0.34163976,0.31545267,0.34290755
1869,7311,0,0.74159414,0.24074423,0.017661627
3513,14707,0,0.9935061,0.006362466,0.0001314359
5444,3064,0,0.8543872,0.13055141,0.015061305
5331,7218,0,0.7428828,0.2563408,0.0007764135
3033,12759,0,0.97435015,0.025368372,0.00028154926
5703,3258,1,0.38924736,0.4557586,0.15499404
2177,364,0,0.6216748,0.3776492,0.0006760525
547,17491,0,0.58211964,0.40801823,0.009862111
4789,4921,0,0.97647524,0.023100616,0.00042407328
1600,6212,0,0.69732374,0.3004918,0.0021844758
2516,8213,1,0.4327531,0.47331762,0.09392925
2515,11024,0,0.9493439,0.050397135,0.0002589227
6783,12357,0,0.9925545,0.0072578616,0.00018759919
1795,15113,0,0.89424354,0.097094856,0.008661599
1728,13730,0,0.5165678,0.13543999,0.3479922
5857,18207,1,0.34326264,0.6445677,0.012169658
3753,13480,1,0.25774038,0.44392908,0.29833058
1569,14775,1,0.44386333,0.4634643,0.0926724
5417,132,2,0.12747525,0.08709073,0.785434
3879,6614,0,0.99136984,0.008263412,0.00036667692
1870,9966,0,0.7375485,0.21268526,0.04976629
3460,9470,1,0.40275726,0.4265183,0.17072448
5099,4126,2,0.42946118,0.13629295,0.43424588
6139,8162,1,0.05889238,0.91275,0.028357606
6382,2497,0,0.57199097,0.071640156,0.3563689
1606,6618,0,0.8577805,0.14138032,0.0008391343
1410,14108,0,0.71263963,0.24783336,0.03952699
1793,10746,0,0.84335494,0.15604319,0.0006018214
3443,11003,0,0.99091095,0.008733878,0.0003552011
518,1619,0,0.5782421,0.38684377,0.03491414
611,17054,0,0.9689276,0.030565694,0.0005067404
2112,10750,0,0.48190445,0.2046392,0.3134564
5712,15637,0,0.81329125,0.1861908,0.00051798456
5027,10251,0,0.79784864,0.20143929,0.00071208784
2328,14705,0,0.8848306,0.08533274,0.029836636
5477,248,0,0.9655709,0.03397902,0.00045005186
3836,15857,2,0.2602225,0.09336594,0.6464116
6125,18506,0,0.5482028,0.254695,0.19710225
491,3172,0,0.958487,0.040803373,0.0007096839
6842,8337,1,0.16789776,0.8129495,0.019152757
7192,3817,0,0.6541388,0.3451733,0.0006879223
323,446,1,0.35305247,0.63578707,0.01116049
3045,9964,0,0.6546991,0.34458572,0.0007152098
5846,18416,0,0.48763174,0.4698078,0.0425604
6136,4178,0,0.41282657,0.27643725,0.31073612
5325,14946,1,0.38281006,0.53216314,0.08502682
5579,6592,1,0.3643629,0.635189,0.0004481498
2760,17267,1,0.44555134,0.504824,0.04962468
3878,13308,1,0.21637584,0.72534645,0.05827765
7371,4065,0,0.7282994,0.25659046,0.015110153
6268,13233,0,0.9690689,0.030596033,0.00033508986
4213,9377,0,0.96471125,0.034466337,0.0008223895
1163,16491,0,0.64637774,0.26256627,0.09105601
5079,18126,1,0.27223685,0.43307176,0.29469132
324,5725,1,0.22526129,0.4906239,0.2841148
3150,4077,0,0.95652896,0.043053593,0.0004173781
4660,4664,1,0.3337609,0.48999372,0.17624536
4139,938,0,0.49993205,0.37380147,0.1262664
586,8536,0,0.6043413,0.39495587,0.0007028143
4305,11476,0,0.98984575,0.009901516,0.00025276473
1844,13179,2,0.32349804,0.1348276,0.5416744
6595,17569,0,0.96008134,0.0388358,0.0010828348
706,570,0,0.47724712,0.4715198,0.05123307
1586,4105,0,0.9369593,0.0122143915,0.050826244
4936,9297,0,0.74376035,0.25542244,0.00081721455
5055,15555,0,0.72808325,0.26832327,0.003593534
1199,16476,0,0.49937946,0.20039973,0.30022082
5209,15361,0,0.98293674,0.016640967,0.00042236608
2770,9875,0,0.94898653,0.050613843,0.00039966588
6134,5397,1,0.21881309,0.7519474,0.029239507
3548,10956,0,0.8240905,0.17509222,0.0008172991
6529,14286,0,0.94470775,0.04262224,0.0126700215
5251,17566,1,0.2900302,0.5424884,0.1674814
208,7886,0,0.9624383,0.037320826,0.00024089184
3765,2170,0,0.7620706,0.20130296,0.036626477
747,5413,2,0.18473889,0.030357433,0.7849037
6141,6385,1,0.34919947,0.6206377,0.030162763
5472,8202,0,0.48956516,0.45439684,0.05603798
798,2662,0,0.7071089,0.2907543,0.0021368046
88,8274,0,0.75748974,0.24179782,0.00071245333
734,16573,0,0.8394568,0.14811257,0.012430622
1880,14949,1,0.31306586,0.6554488,0.03148537
3956,8732,0,0.9819588,0.017552039,0.0004891781
6155,18182,0,0.96394235,0.035598993,0.00045866598
3715,9222,0,0.6145271,0.3846421,0.0008307727
198,4450,0,0.981343,0.017321806,0.0013352188
5924,827,0,0.6758522,0.3221601,0.0019877295
2944,10346,0,0.62548286,0.37375388,0.00076323736
548,13130,0,0.723833,0.27519313,0.0009738811
1467,9906,0,0.6933463,0.2106461,0.0960076
6721,9313,0,0.6875761,0.31003267,0.0023912142
6680,15406,0,0.76787764,0.23135546,0.00076687866
1425,12506,0,0.81236506,0.16283844,0.024796534
6981,15503,0,0.9112899,0.08487802,0.0038321186
5946,13003,0,0.49544406,0.06263624,0.44191974
4852,9268,0,0.9798106,0.0198763,0.00031315265
1057,14988,0,0.859581,0.13921027,0.0012087742
4962,588,1,0.35034388,0.5698643,0.079791866
6009,14385,0,0.9198033,0.06798066,0.012216027
6733,17774,0,0.46879172,0.33517802,0.19603029
937,7657,0,0.48741958,0.3090143,0.20356618
4837,8445,0,0.7949373,0.19142872,0.01363392
6111,16453,0,0.9153021,0.08406941,0.0006285588
5514,4670,0,0.963911,0.01805801,0.01803103
3408,299,0,0.9556472,0.043843854,0.00050891074
2926,11775,2,0.20189606,0.22812553,0.5699784
7103,17418,0,0.92838144,0.07088292,0.00073564384
5494,13764,0,0.944234,0.054911446,0.00085456733
3194,4209,2,0.24821238,0.22028367,0.5315039
3016,10636,0,0.89747995,0.024016388,0.07850361
620,11651,0,0.60375214,0.3954437,0.0008041392
6943,11731,0,0.53629476,0.46314356,0.0005616481
3509,1097,0,0.8699274,0.12921208,0.0008604826
1706,6280,0,0.9780527,0.021502111,0.00044525246
478,12782,0,0.5181153,0.18879747,0.29308727
5377,8214,1,0.39005163,0.5286774,0.08127095
1419,9792,2,0.38171586,0.23446524,0.38381892
6250,12174,0,0.6656038,0.33370763,0.0006885777
2245,8654,1,0.25654984,0.6547408,0.08870939
4896,4440,2,0.1647855,0.022956392,0.81225806
4930,4483,0,0.8403249,0.15922733,0.00044781945
1033,15923,0,0.7805083,0.21903962,0.0004520812
1891,13069,0,0.5884314,0.41073477,0.000833846
286,8201,0,0.8643889,0.108798675,0.026812451
550,532,0,0.8168532,0.17850426,0.004642559
2707,14023,0,0.7393541,0.25955918,0.001086681
6147,8166,2,0.13603881,0.079815865,0.78414536
5075,112,0,0.9118701,0.08556752,0.0025623122
1737,10932,0,0.5672936,0.19609165,0.23661472
2653,3480,0,0.7716364,0.22758564,0.0007779491
6425,2200,0,0.99350125,0.0062893177,0.00020940753
3731,2364,0,0.97613144,0.023492986,0.00037557332
1775,13684,0,0.7171323,0.26288602,0.0199817
5282,10329,0,0.53834,0.14819857,0.31346148
1726,3025,0,0.96776986,0.015793536,0.016436616
6314,17592,0,0.8876177,0.031005124,0.08137712
3411,15729,1,0.22038846,0.61416745,0.1654441
5985,12590,2,0.13633412,0.050976958,0.81268895
4055,8488,1,0.2638454,0.48426798,0.2518866
2124,6744,1,0.20405598,0.7371807,0.058763288
6317,17327,0,0.72513306,0.27260423,0.0022627367
1335,16379,0,0.9810509,0.01862094,0.00032820448
6675,10590,0,0.98754954,0.01205629,0.0003941817
6069,9267,0,0.833302,0.16557144,0.0011265321
2699,4781,0,0.95120335,0.048449665,0.00034703827
701,7926,0,0.9466149,0.052831873,0.0005531749
6261,6498,0,0.6280655,0.3710867,0.00084781967
7155,2599,1,0.47134566,0.52117604,0.0074783033
6056,809,0,0.7062691,0.29158348,0.0021474333
7012,2897,0,0.9529231,0.04197785,0.00509901
3995,17240,2,0.027184838,0.026613288,0.9462019
833,17106,0,0.9694136,0.030133888,0.00045260217
3034,11795,0,0.48251605,0.3242375,0.1932465
549,14740,0,0.9757853,0.018462293,0.005752323
1020,1675,0,0.7857377,0.21374485,0.0005174047
248,8150,0,0.9571514,0.042400252,0.00044832914
4553,10762,0,0.9161597,0.017276252,0.06656412
296,9160,0,0.5506738,0.23931311,0.21001314
3528,15728,0,0.68556464,0.27388674,0.040548608
2088,14635,0,0.596508,0.4029027,0.00058924174
5239,14034,0,0.94466233,0.04996708,0.005370607
3332,3409,1,0.41561222,0.47040984,0.11397798
100,909,0,0.8765142,0.121052586,0.002433219
4258,6479,0,0.97859174,0.020989088,0.00041919178
3268,14434,0,0.83082104,0.15450811,0.014670898
2457,4548,0,0.9725441,0.025501372,0.001954493
3660,158,0,0.66157657,0.3206079,0.017815476
4391,4782,0,0.68148685,0.3159531,0.0025600467
1677,8323,0,0.5051802,0.4101626,0.08465726
5564,14266,0,0.8094329,0.17627391,0.01429322
2781,15598,1,0.4510305,0.4852432,0.06372634
346,12362,0,0.94165367,0.05762861,0.0007176486
4529,16721,0,0.7668764,0.22208975,0.011033855
5728,12244,0,0.6511135,0.32781008,0.021076418
681,11848,2,0.31729484,0.19310641,0.48959872
1446,3831,0,0.984734,0.0147907855,0.00047519177
2868,16269,0,0.81562376,0.18360117,0.0007751081
1926,9602,0,0.6846334,0.3145518,0.00081486296
1499,16521,2,0.36237383,0.1357969,0.50182927
1608,16438,0,0.8289488,0.15785155,0.013199691
2885,7319,1,0.38505396,0.46872073,0.1462253
7017,9361,1,0.39802775,0.5725355,0.029436722
1400,8832,1,0.32090124,0.61516666,0.06393208
2627,869,0,0.9363802,0.06333359,0.00028618984
6097,190,0,0.9564149,0.043153822,0.00043132063
5882,8699,0,0.8343014,0.16516845,0.000530115
1755,4205,0,0.7207285,0.26488152,0.014389994
2149,3257,0,0.6298424,0.36930826,0.0008492713
5976,17685,0,0.79222405,0.114649616,0.09312629
3135,684,2,0.23985632,0.20047761,0.5596661
4325,14372,0,0.6922364,0.3070798,0.000683804
6100,16510,0,0.5358518,0.16453724,0.29961097
84,16009,0,0.6131332,0.37546355,0.011403266
5389,8773,2,0.35079658,0.27901593,0.37018746
2406,5296,0,0.9522293,0.04716449,0.0006062237
3406,11317,1,0.4485991,0.46085364,0.09054723
1385,9312,0,0.9658105,0.03397675,0.00021271195
3590,10015,1,0.46826008,0.50373816,0.028001739
2022,3349,0,0.7989744,0.20033912,0.0006864732
3605,10966,0,0.83452094,0.16418988,0.0012891439
3169,15562,0,0.96978635,0.029888261,0.00032547387
2778,17783,0,0.75707626,0.24255313,0.0003705899
6586,3003,1,0.39430764,0.5172225,0.08846986
4563,14938,0,0.7779323,0.20315702,0.018910732
1554,1959,0,0.9544497,0.045329787,0.00022044932
5382,14159,0,0.9689437,0.030897556,0.00015874066
6843,240,0,0.78867155,0.18766455,0.02366388
5500,6650,0,0.82999396,0.16933168,0.0006743891
6954,1832,0,0.56746686,0.34129867,0.09123445
1149,15580,2,0.31727603,0.17521144,0.50751257
1315,12291,0,0.7637676,0.1840562,0.052176178
1729,16864,0,0.8628473,0.1365594,0.00059327035
5220,1499,0,0.963456,0.036328204,0.0002158472
6888,15056,0,0.74789524,0.25115293,0.0009518101
6645,3832,0,0.82391804,0.17540114,0.00068075734
4017,14009,0,0.9751526,0.024687646,0.00015975785
5460,12649,0,0.6546991,0.34458572,0.0007152098
1902,17450,1,0.44348702,0.46180788,0.09470511
1671,16366,2,0.3954109,0.19296886,0.4116203
5660,14787,0,0.8535136,0.11096657,0.03551983
4738,17143,0,0.47598088,0.2039713,0.32004783
5669,12502,2,0.10427961,0.23372047,0.6619999
5391,5674,0,0.8242177,0.16083919,0.014943139
2921,159,0,0.4880739,0.13991599,0.37201017
373,12011,0,0.89729255,0.10195969,0.000747757
4159,2624,0,0.90466166,0.088359475,0.006978859
5322,5193,1,0.37880927,0.55612916,0.06506162
5111,12671,0,0.768886,0.18331295,0.047801003
7066,4619,0,0.42638427,0.37878454,0.19483116
4728,13785,0,0.7031652,0.29604012,0.0007947153
3470,4725,2,0.31932816,0.31822598,0.36244583
5557,8615,0,0.92310524,0.07620978,0.00068496354
3886,1778,0,0.61480254,0.30963123,0.07556624
1893,17027,0,0.47348577,0.28260878,0.24390547
6488,13645,1,0.26751152,0.45020574,0.28228277
5866,10154,0,0.6945359,0.30463743,0.00082664913
1839,5152,0,0.9615228,0.03802052,0.00045660895
812,15816,0,0.9962669,0.0036322135,0.000100940335
1322,2622,0,0.6323899,0.35458887,0.013021206
4378,15511,0,0.7232044,0.27618733,0.0006083298
6917,9324,0,0.81777066,0.1487678,0.03346152
3733,15953,0,0.96957415,0.029649483,0.00077643775
2470,9573,2,0.30312073,0.14591768,0.55096155
3773,1449,0,0.8971374,0.09084688,0.012015665
5781,13212,0,0.5689147,0.31230393,0.11878136
5559,8617,1,0.28195387,0.42353356,0.29451257
7109,6785,0,0.8479737,0.1511488,0.0008774762
921,11058,0,0.7603957,0.22586083,0.013743405
322,5099,0,0.9665392,0.03309374,0.0003670481
7090,13416,0,0.7562228,0.22462136,0.01915587
5698,1657,0,0.990936,0.008642034,0.00042201031
2966,17273,1,0.39036977,0.47496772,0.13466246
5502,7781,0,0.70406485,0.28258738,0.013347792
6415,6487,0,0.8252981,0.14121331,0.03348861
1615,8647,0,0.7795509,0.18366978,0.036779333
4160,1434,0,0.95445615,0.045330092,0.00021383092
231,16819,0,0.98544866,0.01441047,0.00014084688
1451,4856,0,0.6548741,0.27210113,0.07302484
4603,5279,0,0.7595389,0.228148,0.012313139
4081,8288,1,0.16710913,0.7150278,0.117863044
1079,17297,1,0.3915479,0.6080228,0.00042933502
1263,15143,0,0.984669,0.014736373,0.0005946423
1115,7916,1,0.35189533,0.6356829,0.01242181
7052,3624,0,0.9632316,0.036370326,0.0003980225
5646,2947,0,0.973664,0.025802817,0.0005332183
1501,5214,2,0.32206473,0.337149,0.34078628
7028,15753,1,0.45037454,0.4618592,0.08776628
1864,13700,0,0.61560214,0.36801827,0.016379569
6752,13346,0,0.7368322,0.26229745,0.00087031315
2138,15252,2,0.1917923,0.10951935,0.6986883
5243,8634,0,0.8256825,0.17359999,0.00071749877
5642,18503,0,0.9011072,0.0984009,0.00049190124
3422,1142,0,0.9681921,0.03142281,0.00038513725
4274,10179,0,0.7744867,0.22482204,0.0006912371
2445,6884,0,0.8835966,0.11601149,0.00039195336
265,8244,0,0.85041,0.14894418,0.0006458943
0,14121,0,0.95124745,0.048287947,0.0004646322
1882,2300,0,0.95442975,0.045328837,0.00024145262
6996,17620,2,0.24863985,0.14396848,0.60739166
838,15383,1,0.23800002,0.70568985,0.05631014
14,7187,0,0.67636096,0.256183,0.06745603
5963,11311,1,0.45401874,0.46642134,0.07956
2796,18373,0,0.52116096,0.45063314,0.028205926
1393,16316,0,0.590686,0.40852618,0.00078778254
8,3443,0,0.5871388,0.41205323,0.0008079663
2799,1714,0,0.85137326,0.14813562,0.00049112714
1039,3941,0,0.7520781,0.24720384,0.000718037
4502,13079,1,0.43073133,0.52925146,0.04001726
4084,16583,0,0.7690309,0.22886565,0.0021034344
6775,11510,0,0.6338861,0.2897067,0.07640716
2925,10962,1,0.46793142,0.48859522,0.043473355
3139,9850,0,0.9540931,0.045646634,0.00026021796
339,10341,0,0.8915223,0.10776017,0.0007174771
3622,11547,2,0.15415189,0.11768295,0.72816515
1803,14567,0,0.79510385,0.20421858,0.0006776052
2399,2123,1,0.283797,0.66362107,0.052581947
1090,13240,0,0.7621653,0.23690775,0.00092694926
1699,16866,0,0.51855874,0.2442793,0.23716195
5921,3011,1,0.38361767,0.5165778,0.099804565
622,488,0,0.9606181,0.039230656,0.0001512595
7305,13362,0,0.78668076,0.18002018,0.033299122
6804,18525,2,0.21734351,0.15892798,0.6237285
1483,11637,0,0.7762547,0.22130856,0.0024367166
3684,1616,0,0.551511,0.34372818,0.10476084
4902,13894,1,0.2926161,0.6789699,0.028413992
1550,2711,0,0.9243619,0.07440633,0.0012317685
4848,7081,0,0.9003096,0.06652917,0.033161186
889,16543,0,0.8485412,0.15081462,0.0006441739
3131,4237,0,0.8854568,0.11399209,0.0005510516
3771,10088,0,0.5580263,0.4413964,0.0005772871
196,17515,0,0.43012184,0.27221078,0.2976674
7067,3532,1,0.38445,0.52929187,0.086258136
4038,8972,0,0.48700345,0.3468046,0.16619195
6780,12170,0,0.4928341,0.431465,0.07570084
6653,11430,0,0.834209,0.09866726,0.06712375
4290,16729,0,0.55340314,0.4119251,0.03467176
432,2435,1,0.41586342,0.48616558,0.09797101
5972,7046,0,0.5309997,0.35359988,0.11540038
4154,8406,1,0.44231126,0.4759684,0.08172031
7057,14410,2,0.33469716,0.18535738,0.47994542
6185,10025,0,0.90488464,0.09484658,0.00026880478
1108,17436,2,0.08897991,0.04889898,0.8621211
5176,4281,0,0.95455116,0.044952944,0.0004958608
4562,3380,0,0.8390111,0.16014306,0.00084587495
3524,4938,0,0.8072014,0.18052812,0.012270477
4883,10644,0,0.7908876,0.20824842,0.0008639856
3792,2410,0,0.5286353,0.44820005,0.0231646
1195,15313,0,0.9310859,0.06830217,0.0006119041
5872,16423,0,0.81248236,0.1562763,0.031241331
604,10263,0,0.6367984,0.3624658,0.0007358538
4885,8662,1,0.4159953,0.48703843,0.09696625
4717,16313,0,0.98484695,0.01477891,0.00037420358
1219,11586,0,0.7672541,0.21888725,0.013858665
2268,17110,1,0.110709965,0.8490496,0.040240396
2952,9641,0,0.62602466,0.37325191,0.0007234042
5368,12444,0,0.84866124,0.15075397,0.0005848454
4714,2896,0,0.4906782,0.45619902,0.053122807
6602,7155,1,0.20211154,0.78043073,0.01745776
6154,16515,2,0.39971194,0.16758062,0.43270743
1372,1211,0,0.6150858,0.32477137,0.060142837
1158,811,0,0.6478886,0.3514977,0.0006136704
4416,10336,0,0.80723125,0.18142545,0.011343335
3328,11304,0,0.93500996,0.044848736,0.020141361
5792,12232,0,0.43166268,0.3824933,0.18584402
4707,4250,2,0.21020536,0.1486732,0.64112145
2166,17672,0,0.55430627,0.2628277,0.18286608
3971,5310,1,0.22166932,0.72202694,0.056303713
7163,16555,0,0.9917064,0.007955027,0.00033861407
5798,12936,0,0.8489182,0.07002401,0.081057794
3717,8665,1,0.25108403,0.6859915,0.06292444
1840,16629,0,0.98111284,0.01877831,0.00010884491
1375,9774,0,0.54537636,0.29529613,0.1593275
904,9908,0,0.9077191,0.08003827,0.012242579
6920,4702,0,0.93939,0.06026731,0.00034272828
6276,7502,2,0.40136907,0.19126396,0.40736696
5314,18472,0,0.70140636,0.29809064,0.0005029827
6012,10416,0,0.84866124,0.15075397,0.0005848454
6834,15838,0,0.96642417,0.033249196,0.00032666465
3653,1321,0,0.55910665,0.37404215,0.066851206
2029,18305,0,0.6138383,0.38542324,0.0007384135
4475,17982,0,0.4812812,0.2108582,0.30786067
2348,11620,0,0.53782195,0.20137814,0.2607999
1928,5633,0,0.5312746,0.37709033,0.09163506
4489,5608,0,0.91809046,0.08152778,0.00038176213
7326,17185,2,0.31112483,0.16512328,0.5237519
1886,11168,0,0.9862546,0.013476451,0.00026898965
4335,1639,0,0.88471115,0.11468133,0.00060754525
6789,13556,0,0.7368322,0.26229745,0.00087031315
3838,15939,0,0.6208101,0.37865293,0.00053696334
5814,1529,1,0.39398915,0.6016327,0.0043781423
254,9786,0,0.58140045,0.31648847,0.10211104
5793,12016,0,0.9696083,0.029952878,0.00043885264
5755,1810,0,0.74687535,0.2524034,0.0007212633
221,8313,2,0.38055816,0.22975141,0.3896904
267,16354,0,0.46173888,0.45741796,0.080843136
107,183,1,0.4224116,0.510832,0.066756435
3809,16434,0,0.9898088,0.009711567,0.00047959908
1226,8179,1,0.4415741,0.48296547,0.07546044
4668,13002,1,0.36481473,0.40147194,0.23371333
2691,11348,0,0.60758734,0.36931947,0.023093235
5365,12973,0,0.63704515,0.36218008,0.0007747775
3206,8215,0,0.9773836,0.013967287,0.008649036
4727,3737,1,0.34781495,0.43872884,0.21345614
5065,15659,0,0.9166401,0.0831091,0.0002508423
1412,10516,0,0.9442617,0.046715155,0.009023141
4201,9778,1,0.36894614,0.5991202,0.03193364
1210,3965,0,0.98474276,0.0151030375,0.00015415157
5587,11061,0,0.9453577,0.04196359,0.012678739
4629,8592,0,0.88849527,0.11097017,0.0005346222
5696,6981,1,0.4616857,0.4833093,0.055004995
1582,8400,0,0.90031844,0.09911007,0.00057155854
376,2865,0,0.96699363,0.025397645,0.007608765
5981,13889,0,0.6035715,0.10237072,0.2940578
755,12862,0,0.50779814,0.3050821,0.18711974
291,12316,0,0.6176722,0.38159978,0.00072800287
2534,12584,0,0.94327,0.055904996,0.0008250014
1509,6686,1,0.45287436,0.5212,0.025925646
188,663,0,0.45540988,0.23325385,0.3113363
3078,15686,0,0.83354104,0.1342714,0.03218753
1201,3072,0,0.96592873,0.033686478,0.00038484143
3554,12257,0,0.7525328,0.24672091,0.0007463312
6077,3570,1,0.41721174,0.58129424,0.0014940207
3856,3869,1,0.20602512,0.7372817,0.05669324
4229,6712,1,0.38323826,0.52762365,0.0891381
501,14290,0,0.78996253,0.20803903,0.0019984934
3003,2615,2,0.3479287,0.23722956,0.41484174
4140,15310,1,0.3544614,0.60831785,0.03722076
4411,8584,0,0.95470434,0.044896647,0.000398991
5589,12697,0,0.68545884,0.29301924,0.021521978
3296,1548,0,0.4752304,0.34783125,0.1769384
4332,3457,0,0.96509135,0.034487464,0.00042111427
6831,11174,1,0.30324933,0.44948947,0.2472612
672,1164,0,0.9231298,0.0574126,0.0194576
4824,5928,2,0.26897246,0.2709283,0.4600993
5487,10990,2,0.33267048,0.12327265,0.5440569
7277,4232,0,0.55873376,0.18649141,0.2547748
3043,11759,0,0.9780676,0.021544699,0.00038772236
5749,7316,0,0.717728,0.2637788,0.018493189
2650,12596,0,0.945266,0.0544543,0.00027976683
5782,14622,0,0.9695746,0.029951835,0.00047358402
1192,8096,0,0.50223905,0.3931124,0.10464853
4458,11854,0,0.97855604,0.021001073,0.00044290244
4695,4452,0,0.76148254,0.22873183,0.009785614
216,5480,0,0.9207208,0.07846796,0.0008112158
4235,18057,0,0.6764567,0.29636818,0.027175166
4993,5268,0,0.9046563,0.093168646,0.0021751064
421,5311,0,0.9657493,0.026192995,0.008057603
505,11170,0,0.94274414,0.056998774,0.00025712265
4894,18406,0,0.38919666,0.22677243,0.38403085
5724,8506,0,0.57771504,0.24984324,0.17244169
4102,3842,0,0.49331683,0.48531502,0.021368157
3176,10458,2,0.32709196,0.13660382,0.53630424
506,9380,1,0.33520174,0.6326551,0.032143157
5693,5378,0,0.9653588,0.034433924,0.00020725638
5285,5430,0,0.73055583,0.12015149,0.1492927
2644,11527,0,0.43162933,0.3876045,0.18076614
2570,4348,0,0.51977307,0.28587902,0.19434787
2087,1171,1,0.283875,0.6837018,0.032423176
4761,6249,0,0.92976296,0.06957486,0.0006621273
3608,9182,0,0.8859031,0.11370425,0.000392601
1934,10238,0,0.821736,0.17744909,0.00081496406
4622,3237,1,0.49309868,0.50623643,0.000664888
6971,18104,0,0.62435526,0.3752181,0.0004266512
6925,13498,1,0.48146737,0.50272894,0.01580374
6961,93,2,0.2129386,0.16360955,0.6234518
347,14596,0,0.86193144,0.13750194,0.00056667824
2283,12605,0,0.60375214,0.3954437,0.0008041392
333,831,0,0.93432856,0.065133326,0.0005381567
4442,12184,0,0.7956352,0.20341781,0.0009469794
5333,14081,0,0.77841675,0.22084618,0.00073709025
5743,12472,0,0.7669872,0.23064305,0.0023697345
6456,91,1,0.34752664,0.5518653,0.10060803
5683,2546,0,0.7621933,0.22000338,0.0178033
7233,12812,0,0.5900127,0.35891953,0.05106776
3091,12321,0,0.9918859,0.007826366,0.00028771817
5885,14832,0,0.88725317,0.07398718,0.038759675
746,6724,0,0.8931165,0.06399368,0.04288989
2603,4309,0,0.60780567,0.2243639,0.16783042
6877,11807,1,0.4561952,0.47634074,0.067463994
5406,1241,0,0.4215214,0.343935,0.23454353
1662,14232,0,0.4727142,0.17367166,0.35361415
3667,13280,0,0.9550588,0.044474673,0.00046649386
7260,14921,0,0.7274738,0.25802305,0.014503121
5456,8425,0,0.7159845,0.26819503,0.015820438
3231,5632,1,0.22052479,0.50480664,0.27466857
4077,1107,2,0.26848122,0.20559895,0.5259198
259,411,2,0.29132685,0.3251379,0.38353527
2251,4052,0,0.7291672,0.16824208,0.10259071
3593,10759,0,0.95885587,0.03761006,0.0035340667
4661,17284,0,0.907898,0.017004697,0.07509735
3337,4743,0,0.71762407,0.2637406,0.01863535
2199,13,1,0.4567539,0.542814,0.0004320733
6903,7039,0,0.7066853,0.25972036,0.033594336
599,10371,0,0.99146104,0.008169353,0.00036965162
45,11424,0,0.92075616,0.07885148,0.00039235738
4708,16364,0,0.92424345,0.07240176,0.003354818
5130,14433,0,0.8580813,0.013165844,0.12875286
7219,8951,0,0.98499006,0.014686368,0.000323537
4011,489,0,0.8768158,0.12109424,0.0020899298
6745,13378,0,0.43783236,0.3073236,0.25484398
7060,8872,0,0.86935276,0.12750709,0.0031401648
1783,12514,0,0.7658827,0.23339549,0.0007218217
4098,14038,0,0.83082104,0.15450811,0.014670898
7258,797,0,0.98093134,0.018597167,0.00047144233
2689,16557,0,0.96386623,0.035372514,0.0007611778
6346,16140,1,0.42993665,0.48800915,0.0820542
4782,18367,0,0.68076617,0.31803206,0.001201776
6273,1914,0,0.95536673,0.044211604,0.00042166098
3050,12712,0,0.9268824,0.07288758,0.0002300997
3113,3395,0,0.9134647,0.08600817,0.00052713905
1298,4076,1,0.48330462,0.50278497,0.013910436
426,16926,0,0.7670584,0.23191419,0.0010273908
6277,17773,0,0.4023377,0.3124345,0.28522784
805,15604,1,0.40666083,0.5795724,0.013766753
410,12978,0,0.839719,0.09582489,0.064456075
6169,14210,0,0.95524865,0.043937225,0.0008140842
3946,12054,1,0.1801039,0.71841633,0.101479754
438,11020,1,0.40107346,0.5507665,0.04816001
2432,12922,0,0.9427181,0.05662203,0.0006599431
6556,3028,0,0.981293,0.018417485,0.00028943698
434,135,0,0.9571766,0.036253083,0.0065702363
751,14634,0,0.8486219,0.15074699,0.00063112355
3550,7842,1,0.08835069,0.87483376,0.036815487
1561,998,0,0.950884,0.045202017,0.0039140694
3955,2217,0,0.96879715,0.027124591,0.00407828
6424,4799,0,0.8361853,0.1630316,0.0007831577
4762,2577,0,0.43835366,0.3760021,0.18564424
4996,14861,0,0.77841675,0.22084618,0.00073709025
7287,623,2,0.077164784,0.3300169,0.5928183
1049,12038,0,0.68582493,0.31332982,0.00084526005
626,18262,0,0.720264,0.2783571,0.0013788914
2388,10016,0,0.66799253,0.30890507,0.02310245
1223,18536,0,0.57664704,0.31488946,0.1084635
210,17681,1,0.40483382,0.5539596,0.041206554
5157,17824,0,0.98436236,0.015418478,0.00021918715
6290,544,1,0.34555072,0.6383032,0.016146094
110,5064,0,0.45908225,0.37950844,0.1614093
51,17314,0,0.48728406,0.1689189,0.343797
1109,2541,0,0.8543872,0.13055141,0.015061305
6112,5333,1,0.2969982,0.60615516,0.09684662
5523,3243,1,0.33063248,0.64181834,0.027549192
7078,17125,0,0.48354626,0.42677242,0.089681335
1945,18428,0,0.8617215,0.13764615,0.0006323785
3221,16766,1,0.31423184,0.68520415,0.0005640408
5551,3208,1,0.32718968,0.64554805,0.027262324
4392,16979,1,0.2831868,0.6047611,0.112052016
6270,16754,2,0.3477771,0.22168192,0.43054095
6870,9783,0,0.649458,0.3497495,0.0007924927
2288,16352,2,0.2732307,0.18886359,0.5379057
4987,6204,0,0.97373295,0.025879214,0.0003878729
6258,12700,1,0.16969648,0.7972753,0.03302823
